<?xml version="1.0" encoding="UTF-8"?>
<!--
Created with Funkin Packer v0.1.3 https://neeeoo.github.io/funkin-packer/
-->
<TextureAtlas imagePath="GIRLFRIEND.png" width="3545" height="2617">
	<SubTexture name="GF Dancing Beat0000" x="5" y="5" width="703" height="648" frameX="-0" frameY="-0" frameWidth="703" frameHeight="648"/>
	<SubTexture name="GF Dancing Beat0001" x="713" y="5" width="703" height="648" frameX="-0" frameY="-0" frameWidth="703" frameHeight="648"/>
	<SubTexture name="GF Dancing Beat0002" x="1421" y="5" width="703" height="648" frameX="-0" frameY="-0" frameWidth="703" frameHeight="648"/>
	<SubTexture name="GF Dancing Beat0003" x="2129" y="5" width="703" height="648" frameX="-0" frameY="-0" frameWidth="703" frameHeight="648"/>
	<SubTexture name="GF Dancing Beat0004" x="2837" y="5" width="703" height="648" frameX="-0" frameY="-0" frameWidth="703" frameHeight="648"/>
	<SubTexture name="GF Dancing Beat0005" x="5" y="658" width="703" height="648" frameX="-0" frameY="-0" frameWidth="703" frameHeight="648"/>
	<SubTexture name="GF Dancing Beat0006" x="713" y="658" width="703" height="648" frameX="-0" frameY="-0" frameWidth="703" frameHeight="648"/>
	<SubTexture name="GF Dancing Beat0007" x="1421" y="658" width="703" height="648" frameX="-0" frameY="-0" frameWidth="703" frameHeight="648"/>
	<SubTexture name="GF Dancing Beat0008" x="1421" y="658" width="703" height="648" frameX="-0" frameY="-0" frameWidth="703" frameHeight="648"/>
	<SubTexture name="GF Dancing Beat0009" x="1421" y="658" width="703" height="648" frameX="-0" frameY="-0" frameWidth="703" frameHeight="648"/>
	<SubTexture name="GF Dancing Beat0010" x="2129" y="658" width="703" height="648" frameX="-0" frameY="-0" frameWidth="703" frameHeight="648"/>
	<SubTexture name="GF Dancing Beat0011" x="2129" y="658" width="703" height="648" frameX="-0" frameY="-0" frameWidth="703" frameHeight="648"/>
	<SubTexture name="GF Dancing Beat0012" x="2129" y="658" width="703" height="648" frameX="-0" frameY="-0" frameWidth="703" frameHeight="648"/>
	<SubTexture name="GF Dancing Beat0013" x="2837" y="658" width="703" height="648" frameX="-0" frameY="-0" frameWidth="703" frameHeight="648"/>
	<SubTexture name="GF Dancing Beat0014" x="2837" y="658" width="703" height="648" frameX="-0" frameY="-0" frameWidth="703" frameHeight="648"/>
	<SubTexture name="GF Dancing Beat0015" x="5" y="1311" width="703" height="648" frameX="-0" frameY="-0" frameWidth="703" frameHeight="648"/>
	<SubTexture name="GF Dancing Beat0016" x="713" y="1311" width="703" height="648" frameX="-0" frameY="-0" frameWidth="703" frameHeight="648"/>
	<SubTexture name="GF Dancing Beat0017" x="1421" y="1311" width="703" height="648" frameX="-0" frameY="-0" frameWidth="703" frameHeight="648"/>
	<SubTexture name="GF Dancing Beat0018" x="2129" y="1311" width="703" height="648" frameX="-0" frameY="-0" frameWidth="703" frameHeight="648"/>
	<SubTexture name="GF Dancing Beat0019" x="2837" y="1311" width="703" height="648" frameX="-0" frameY="-0" frameWidth="703" frameHeight="648"/>
	<SubTexture name="GF Dancing Beat0020" x="5" y="1964" width="703" height="648" frameX="-0" frameY="-0" frameWidth="703" frameHeight="648"/>
	<SubTexture name="GF Dancing Beat0021" x="713" y="1964" width="703" height="648" frameX="-0" frameY="-0" frameWidth="703" frameHeight="648"/>
	<SubTexture name="GF Dancing Beat0022" x="1421" y="1964" width="703" height="648" frameX="-0" frameY="-0" frameWidth="703" frameHeight="648"/>
	<SubTexture name="GF Dancing Beat0023" x="1421" y="1964" width="703" height="648" frameX="-0" frameY="-0" frameWidth="703" frameHeight="648"/>
	<SubTexture name="GF Dancing Beat0024" x="1421" y="1964" width="703" height="648" frameX="-0" frameY="-0" frameWidth="703" frameHeight="648"/>
	<SubTexture name="GF Dancing Beat0025" x="2129" y="1964" width="703" height="648" frameX="-0" frameY="-0" frameWidth="703" frameHeight="648"/>
	<SubTexture name="GF Dancing Beat0026" x="2129" y="1964" width="703" height="648" frameX="-0" frameY="-0" frameWidth="703" frameHeight="648"/>
	<SubTexture name="GF Dancing Beat0027" x="2129" y="1964" width="703" height="648" frameX="-0" frameY="-0" frameWidth="703" frameHeight="648"/>
	<SubTexture name="GF Dancing Beat0028" x="2837" y="1964" width="703" height="648" frameX="-0" frameY="-0" frameWidth="703" frameHeight="648"/>
	<SubTexture name="GF Dancing Beat0029" x="2837" y="1964" width="703" height="648" frameX="-0" frameY="-0" frameWidth="703" frameHeight="648"/>
</TextureAtlas>