<?xml version="1.0" encoding="UTF-8"?>
<!--
Created with Funkin Packer v0.1.3 https://neeeoo.github.io/funkin-packer/
-->
<TextureAtlas imagePath="BOYFRIEND_GAMEOVER.png" width="4001" height="3757">
	<SubTexture name="BF Dead confirm0000" x="2669" y="1805" width="439" height="499" frameX="-0" frameY="-0" frameWidth="439" frameHeight="499"/>
	<SubTexture name="BF Dead confirm0001" x="3113" y="1805" width="439" height="499" frameX="-0" frameY="-0" frameWidth="439" frameHeight="499"/>
	<SubTexture name="BF Dead confirm0002" x="3557" y="1805" width="439" height="499" frameX="-0" frameY="-0" frameWidth="439" frameHeight="499"/>
	<SubTexture name="BF Dead confirm0003" x="5" y="2245" width="439" height="499" frameX="-0" frameY="-0" frameWidth="439" frameHeight="499"/>
	<SubTexture name="BF Dead confirm0004" x="449" y="2245" width="439" height="499" frameX="-0" frameY="-0" frameWidth="439" frameHeight="499"/>
	<SubTexture name="BF Dead confirm0005" x="893" y="2245" width="439" height="499" frameX="-0" frameY="-0" frameWidth="439" frameHeight="499"/>
	<SubTexture name="BF Dead confirm0006" x="1337" y="2245" width="439" height="499" frameX="-0" frameY="-0" frameWidth="439" frameHeight="499"/>
	<SubTexture name="BF Dead confirm0007" x="1781" y="2245" width="439" height="499" frameX="-0" frameY="-0" frameWidth="439" frameHeight="499"/>
	<SubTexture name="BF Dead confirm0008" x="2225" y="2245" width="439" height="499" frameX="-0" frameY="-0" frameWidth="439" frameHeight="499"/>
	<SubTexture name="BF Dead confirm0009" x="2669" y="2309" width="439" height="499" frameX="-0" frameY="-0" frameWidth="439" frameHeight="499"/>
	<SubTexture name="BF Dead confirm0010" x="3113" y="2309" width="439" height="499" frameX="-0" frameY="-0" frameWidth="439" frameHeight="499"/>
	<SubTexture name="BF Dead confirm0011" x="3557" y="2309" width="439" height="499" frameX="-0" frameY="-0" frameWidth="439" frameHeight="499"/>
	<SubTexture name="BF Dead confirm0012" x="5" y="2749" width="439" height="499" frameX="-0" frameY="-0" frameWidth="439" frameHeight="499"/>
	<SubTexture name="BF Dead confirm0013" x="449" y="2749" width="439" height="499" frameX="-0" frameY="-0" frameWidth="439" frameHeight="499"/>
	<SubTexture name="BF Dead confirm0014" x="893" y="2749" width="439" height="499" frameX="-0" frameY="-0" frameWidth="439" frameHeight="499"/>
	<SubTexture name="BF Dead confirm0015" x="1337" y="2749" width="439" height="499" frameX="-0" frameY="-0" frameWidth="439" frameHeight="499"/>
	<SubTexture name="BF Dead confirm0016" x="1781" y="2749" width="439" height="499" frameX="-0" frameY="-0" frameWidth="439" frameHeight="499"/>
	<SubTexture name="BF Dead confirm0017" x="2225" y="2749" width="439" height="499" frameX="-0" frameY="-0" frameWidth="439" frameHeight="499"/>
	<SubTexture name="BF Dead confirm0018" x="2669" y="2813" width="439" height="499" frameX="-0" frameY="-0" frameWidth="439" frameHeight="499"/>
	<SubTexture name="BF Dead confirm0019" x="3113" y="2813" width="439" height="499" frameX="-0" frameY="-0" frameWidth="439" frameHeight="499"/>
	<SubTexture name="BF Dead confirm0020" x="3557" y="2813" width="439" height="499" frameX="-0" frameY="-0" frameWidth="439" frameHeight="499"/>
	<SubTexture name="BF Dead confirm0021" x="5" y="3253" width="439" height="499" frameX="-0" frameY="-0" frameWidth="439" frameHeight="499"/>
	<SubTexture name="BF Dead confirm0022" x="449" y="3253" width="439" height="499" frameX="-0" frameY="-0" frameWidth="439" frameHeight="499"/>
	<SubTexture name="BF Dead confirm0023" x="893" y="3253" width="439" height="499" frameX="-0" frameY="-0" frameWidth="439" frameHeight="499"/>
	<SubTexture name="BF Dead Loop0000" x="5" y="5" width="439" height="435" frameX="-0" frameY="-0" frameWidth="439" frameHeight="435"/>
	<SubTexture name="BF Dead Loop0001" x="449" y="5" width="439" height="435" frameX="-0" frameY="-0" frameWidth="439" frameHeight="435"/>
	<SubTexture name="BF Dead Loop0003" x="893" y="5" width="439" height="435" frameX="-0" frameY="-0" frameWidth="439" frameHeight="435"/>
	<SubTexture name="BF Dead Loop0005" x="1337" y="5" width="439" height="435" frameX="-0" frameY="-0" frameWidth="439" frameHeight="435"/>
	<SubTexture name="BF Dead Loop0007" x="1781" y="5" width="439" height="435" frameX="-0" frameY="-0" frameWidth="439" frameHeight="435"/>
	<SubTexture name="BF Dead Loop0008" x="2225" y="5" width="439" height="435" frameX="-0" frameY="-0" frameWidth="439" frameHeight="435"/>
	<SubTexture name="BF dies0000" x="2669" y="5" width="439" height="445" frameX="-0" frameY="-0" frameWidth="439" frameHeight="445"/>
	<SubTexture name="BF dies0001" x="3113" y="5" width="439" height="445" frameX="-0" frameY="-0" frameWidth="439" frameHeight="445"/>
	<SubTexture name="BF dies0002" x="3557" y="5" width="439" height="445" frameX="-0" frameY="-0" frameWidth="439" frameHeight="445"/>
	<SubTexture name="BF dies0003" x="5" y="445" width="439" height="445" frameX="-0" frameY="-0" frameWidth="439" frameHeight="445"/>
	<SubTexture name="BF dies0004" x="449" y="445" width="439" height="445" frameX="-0" frameY="-0" frameWidth="439" frameHeight="445"/>
	<SubTexture name="BF dies0005" x="893" y="445" width="439" height="445" frameX="-0" frameY="-0" frameWidth="439" frameHeight="445"/>
	<SubTexture name="BF dies0006" x="1337" y="445" width="439" height="445" frameX="-0" frameY="-0" frameWidth="439" frameHeight="445"/>
	<SubTexture name="BF dies0015" x="1781" y="445" width="439" height="445" frameX="-0" frameY="-0" frameWidth="439" frameHeight="445"/>
	<SubTexture name="BF dies0018" x="2225" y="445" width="439" height="445" frameX="-0" frameY="-0" frameWidth="439" frameHeight="445"/>
	<SubTexture name="BF dies0020" x="2669" y="455" width="439" height="445" frameX="-0" frameY="-0" frameWidth="439" frameHeight="445"/>
	<SubTexture name="BF dies0022" x="3113" y="455" width="439" height="445" frameX="-0" frameY="-0" frameWidth="439" frameHeight="445"/>
	<SubTexture name="BF dies0024" x="3557" y="455" width="439" height="445" frameX="-0" frameY="-0" frameWidth="439" frameHeight="445"/>
	<SubTexture name="BF dies0025" x="5" y="895" width="439" height="445" frameX="-0" frameY="-0" frameWidth="439" frameHeight="445"/>
	<SubTexture name="BF dies0027" x="449" y="895" width="439" height="445" frameX="-0" frameY="-0" frameWidth="439" frameHeight="445"/>
	<SubTexture name="BF dies0029" x="893" y="895" width="439" height="445" frameX="-0" frameY="-0" frameWidth="439" frameHeight="445"/>
	<SubTexture name="BF dies0031" x="1337" y="895" width="439" height="445" frameX="-0" frameY="-0" frameWidth="439" frameHeight="445"/>
	<SubTexture name="BF dies0035" x="1781" y="895" width="439" height="445" frameX="-0" frameY="-0" frameWidth="439" frameHeight="445"/>
	<SubTexture name="BF dies0036" x="2225" y="895" width="439" height="445" frameX="-0" frameY="-0" frameWidth="439" frameHeight="445"/>
	<SubTexture name="BF dies0037" x="2669" y="905" width="439" height="445" frameX="-0" frameY="-0" frameWidth="439" frameHeight="445"/>
	<SubTexture name="BF dies0038" x="3113" y="905" width="439" height="445" frameX="-0" frameY="-0" frameWidth="439" frameHeight="445"/>
	<SubTexture name="BF dies0039" x="3557" y="905" width="439" height="445" frameX="-0" frameY="-0" frameWidth="439" frameHeight="445"/>
	<SubTexture name="BF dies0040" x="5" y="1345" width="439" height="445" frameX="-0" frameY="-0" frameWidth="439" frameHeight="445"/>
	<SubTexture name="BF dies0041" x="449" y="1345" width="439" height="445" frameX="-0" frameY="-0" frameWidth="439" frameHeight="445"/>
	<SubTexture name="BF dies0042" x="893" y="1345" width="439" height="445" frameX="-0" frameY="-0" frameWidth="439" frameHeight="445"/>
	<SubTexture name="BF dies0043" x="1337" y="1345" width="439" height="445" frameX="-0" frameY="-0" frameWidth="439" frameHeight="445"/>
	<SubTexture name="BF dies0044" x="1781" y="1345" width="439" height="445" frameX="-0" frameY="-0" frameWidth="439" frameHeight="445"/>
	<SubTexture name="BF dies0045" x="2225" y="1345" width="439" height="445" frameX="-0" frameY="-0" frameWidth="439" frameHeight="445"/>
	<SubTexture name="BF dies0046" x="2669" y="1355" width="439" height="445" frameX="-0" frameY="-0" frameWidth="439" frameHeight="445"/>
	<SubTexture name="BF dies0047" x="3113" y="1355" width="439" height="445" frameX="-0" frameY="-0" frameWidth="439" frameHeight="445"/>
	<SubTexture name="BF dies0048" x="3557" y="1355" width="439" height="445" frameX="-0" frameY="-0" frameWidth="439" frameHeight="445"/>
	<SubTexture name="BF dies0049" x="5" y="1795" width="439" height="445" frameX="-0" frameY="-0" frameWidth="439" frameHeight="445"/>
	<SubTexture name="BF dies0050" x="449" y="1795" width="439" height="445" frameX="-0" frameY="-0" frameWidth="439" frameHeight="445"/>
	<SubTexture name="BF dies0051" x="893" y="1795" width="439" height="445" frameX="-0" frameY="-0" frameWidth="439" frameHeight="445"/>
	<SubTexture name="BF dies0052" x="1337" y="1795" width="439" height="445" frameX="-0" frameY="-0" frameWidth="439" frameHeight="445"/>
	<SubTexture name="BF dies0053" x="1781" y="1795" width="439" height="445" frameX="-0" frameY="-0" frameWidth="439" frameHeight="445"/>
	<SubTexture name="BF dies0054" x="2225" y="1795" width="439" height="445" frameX="-0" frameY="-0" frameWidth="439" frameHeight="445"/>
</TextureAtlas>