<?xml version="1.0" encoding="UTF-8"?>
<!--
Created with Funkin Packer v0.1.3 https://neeeoo.github.io/funkin-packer/
-->
<TextureAtlas imagePath="BOYFRIEND_PIXEL.png" width="473" height="317">
	<SubTexture name="BF DOWN MISS instance 10000" x="5" y="5" width="73" height="73" frameX="-0" frameY="-0" frameWidth="73" frameHeight="73"/>
	<SubTexture name="BF DOWN MISS instance 10001" x="83" y="5" width="73" height="73" frameX="-0" frameY="-0" frameWidth="73" frameHeight="73"/>
	<SubTexture name="BF DOWN MISS instance 10002" x="83" y="5" width="73" height="73" frameX="-0" frameY="-0" frameWidth="73" frameHeight="73"/>
	<SubTexture name="BF DOWN MISS instance 10003" x="161" y="5" width="73" height="73" frameX="-0" frameY="-0" frameWidth="73" frameHeight="73"/>
	<SubTexture name="BF DOWN MISS instance 10004" x="161" y="5" width="73" height="73" frameX="-0" frameY="-0" frameWidth="73" frameHeight="73"/>
	<SubTexture name="BF DOWN MISS instance 10005" x="161" y="5" width="73" height="73" frameX="-0" frameY="-0" frameWidth="73" frameHeight="73"/>
	<SubTexture name="BF DOWN MISS instance 10006" x="161" y="5" width="73" height="73" frameX="-0" frameY="-0" frameWidth="73" frameHeight="73"/>
	<SubTexture name="BF DOWN MISS instance 10007" x="161" y="5" width="73" height="73" frameX="-0" frameY="-0" frameWidth="73" frameHeight="73"/>
	<SubTexture name="BF DOWN MISS instance 10008" x="161" y="5" width="73" height="73" frameX="-0" frameY="-0" frameWidth="73" frameHeight="73"/>
	<SubTexture name="BF DOWN MISS instance 10009" x="161" y="5" width="73" height="73" frameX="-0" frameY="-0" frameWidth="73" frameHeight="73"/>
	<SubTexture name="BF DOWN MISS instance 10010" x="161" y="5" width="73" height="73" frameX="-0" frameY="-0" frameWidth="73" frameHeight="73"/>
	<SubTexture name="BF DOWN MISS instance 10011" x="161" y="5" width="73" height="73" frameX="-0" frameY="-0" frameWidth="73" frameHeight="73"/>
	<SubTexture name="BF DOWN MISS instance 10012" x="161" y="5" width="73" height="73" frameX="-0" frameY="-0" frameWidth="73" frameHeight="73"/>
	<SubTexture name="BF DOWN MISS instance 10013" x="161" y="5" width="73" height="73" frameX="-0" frameY="-0" frameWidth="73" frameHeight="73"/>
	<SubTexture name="BF DOWN NOTE instance 10000" x="5" y="5" width="73" height="73" frameX="-0" frameY="-0" frameWidth="73" frameHeight="73"/>
	<SubTexture name="BF DOWN NOTE instance 10001" x="5" y="5" width="73" height="73" frameX="-0" frameY="-0" frameWidth="73" frameHeight="73"/>
	<SubTexture name="BF DOWN NOTE instance 10002" x="239" y="5" width="73" height="73" frameX="-0" frameY="-0" frameWidth="73" frameHeight="73"/>
	<SubTexture name="BF DOWN NOTE instance 10003" x="239" y="5" width="73" height="73" frameX="-0" frameY="-0" frameWidth="73" frameHeight="73"/>
	<SubTexture name="BF DOWN NOTE instance 10004" x="239" y="5" width="73" height="73" frameX="-0" frameY="-0" frameWidth="73" frameHeight="73"/>
	<SubTexture name="BF DOWN NOTE instance 10005" x="239" y="5" width="73" height="73" frameX="-0" frameY="-0" frameWidth="73" frameHeight="73"/>
	<SubTexture name="BF DOWN NOTE instance 10006" x="239" y="5" width="73" height="73" frameX="-0" frameY="-0" frameWidth="73" frameHeight="73"/>
	<SubTexture name="BF DOWN NOTE instance 10007" x="239" y="5" width="73" height="73" frameX="-0" frameY="-0" frameWidth="73" frameHeight="73"/>
	<SubTexture name="BF DOWN NOTE instance 10008" x="239" y="5" width="73" height="73" frameX="-0" frameY="-0" frameWidth="73" frameHeight="73"/>
	<SubTexture name="BF DOWN NOTE instance 10009" x="239" y="5" width="73" height="73" frameX="-0" frameY="-0" frameWidth="73" frameHeight="73"/>
	<SubTexture name="BF DOWN NOTE instance 10010" x="239" y="5" width="73" height="73" frameX="-0" frameY="-0" frameWidth="73" frameHeight="73"/>
	<SubTexture name="BF DOWN NOTE instance 10011" x="239" y="5" width="73" height="73" frameX="-0" frameY="-0" frameWidth="73" frameHeight="73"/>
	<SubTexture name="BF DOWN NOTE instance 10012" x="239" y="5" width="73" height="73" frameX="-0" frameY="-0" frameWidth="73" frameHeight="73"/>
	<SubTexture name="BF DOWN NOTE instance 10013" x="239" y="5" width="73" height="73" frameX="-0" frameY="-0" frameWidth="73" frameHeight="73"/>
	<SubTexture name="BF IDLE instance 10000" x="317" y="5" width="73" height="73" frameX="-0" frameY="-0" frameWidth="73" frameHeight="73"/>
	<SubTexture name="BF IDLE instance 10001" x="317" y="5" width="73" height="73" frameX="-0" frameY="-0" frameWidth="73" frameHeight="73"/>
	<SubTexture name="BF IDLE instance 10002" x="395" y="5" width="73" height="73" frameX="-0" frameY="-0" frameWidth="73" frameHeight="73"/>
	<SubTexture name="BF IDLE instance 10003" x="395" y="5" width="73" height="73" frameX="-0" frameY="-0" frameWidth="73" frameHeight="73"/>
	<SubTexture name="BF IDLE instance 10004" x="5" y="83" width="73" height="73" frameX="-0" frameY="-0" frameWidth="73" frameHeight="73"/>
	<SubTexture name="BF IDLE instance 10005" x="5" y="83" width="73" height="73" frameX="-0" frameY="-0" frameWidth="73" frameHeight="73"/>
	<SubTexture name="BF IDLE instance 10006" x="83" y="83" width="73" height="73" frameX="-0" frameY="-0" frameWidth="73" frameHeight="73"/>
	<SubTexture name="BF IDLE instance 10007" x="83" y="83" width="73" height="73" frameX="-0" frameY="-0" frameWidth="73" frameHeight="73"/>
	<SubTexture name="BF IDLE instance 10008" x="161" y="83" width="73" height="73" frameX="-0" frameY="-0" frameWidth="73" frameHeight="73"/>
	<SubTexture name="BF IDLE instance 10009" x="161" y="83" width="73" height="73" frameX="-0" frameY="-0" frameWidth="73" frameHeight="73"/>
	<SubTexture name="BF IDLE instance 10010" x="161" y="83" width="73" height="73" frameX="-0" frameY="-0" frameWidth="73" frameHeight="73"/>
	<SubTexture name="BF IDLE instance 10011" x="161" y="83" width="73" height="73" frameX="-0" frameY="-0" frameWidth="73" frameHeight="73"/>
	<SubTexture name="BF IDLE instance 10012" x="161" y="83" width="73" height="73" frameX="-0" frameY="-0" frameWidth="73" frameHeight="73"/>
	<SubTexture name="BF IDLE instance 10013" x="161" y="83" width="73" height="73" frameX="-0" frameY="-0" frameWidth="73" frameHeight="73"/>
	<SubTexture name="BF LEFT MISS instance 10000" x="239" y="83" width="73" height="73" frameX="-0" frameY="-0" frameWidth="73" frameHeight="73"/>
	<SubTexture name="BF LEFT MISS instance 10001" x="317" y="83" width="73" height="73" frameX="-0" frameY="-0" frameWidth="73" frameHeight="73"/>
	<SubTexture name="BF LEFT MISS instance 10002" x="317" y="83" width="73" height="73" frameX="-0" frameY="-0" frameWidth="73" frameHeight="73"/>
	<SubTexture name="BF LEFT MISS instance 10003" x="395" y="83" width="73" height="73" frameX="-0" frameY="-0" frameWidth="73" frameHeight="73"/>
	<SubTexture name="BF LEFT MISS instance 10004" x="395" y="83" width="73" height="73" frameX="-0" frameY="-0" frameWidth="73" frameHeight="73"/>
	<SubTexture name="BF LEFT MISS instance 10005" x="395" y="83" width="73" height="73" frameX="-0" frameY="-0" frameWidth="73" frameHeight="73"/>
	<SubTexture name="BF LEFT MISS instance 10006" x="395" y="83" width="73" height="73" frameX="-0" frameY="-0" frameWidth="73" frameHeight="73"/>
	<SubTexture name="BF LEFT MISS instance 10007" x="395" y="83" width="73" height="73" frameX="-0" frameY="-0" frameWidth="73" frameHeight="73"/>
	<SubTexture name="BF LEFT MISS instance 10008" x="395" y="83" width="73" height="73" frameX="-0" frameY="-0" frameWidth="73" frameHeight="73"/>
	<SubTexture name="BF LEFT MISS instance 10009" x="395" y="83" width="73" height="73" frameX="-0" frameY="-0" frameWidth="73" frameHeight="73"/>
	<SubTexture name="BF LEFT MISS instance 10010" x="395" y="83" width="73" height="73" frameX="-0" frameY="-0" frameWidth="73" frameHeight="73"/>
	<SubTexture name="BF LEFT MISS instance 10011" x="395" y="83" width="73" height="73" frameX="-0" frameY="-0" frameWidth="73" frameHeight="73"/>
	<SubTexture name="BF LEFT MISS instance 10012" x="395" y="83" width="73" height="73" frameX="-0" frameY="-0" frameWidth="73" frameHeight="73"/>
	<SubTexture name="BF LEFT MISS instance 10013" x="395" y="83" width="73" height="73" frameX="-0" frameY="-0" frameWidth="73" frameHeight="73"/>
	<SubTexture name="BF LEFT NOTE instance 10000" x="239" y="83" width="73" height="73" frameX="-0" frameY="-0" frameWidth="73" frameHeight="73"/>
	<SubTexture name="BF LEFT NOTE instance 10001" x="239" y="83" width="73" height="73" frameX="-0" frameY="-0" frameWidth="73" frameHeight="73"/>
	<SubTexture name="BF LEFT NOTE instance 10002" x="5" y="161" width="73" height="73" frameX="-0" frameY="-0" frameWidth="73" frameHeight="73"/>
	<SubTexture name="BF LEFT NOTE instance 10003" x="5" y="161" width="73" height="73" frameX="-0" frameY="-0" frameWidth="73" frameHeight="73"/>
	<SubTexture name="BF LEFT NOTE instance 10004" x="5" y="161" width="73" height="73" frameX="-0" frameY="-0" frameWidth="73" frameHeight="73"/>
	<SubTexture name="BF LEFT NOTE instance 10005" x="5" y="161" width="73" height="73" frameX="-0" frameY="-0" frameWidth="73" frameHeight="73"/>
	<SubTexture name="BF LEFT NOTE instance 10006" x="5" y="161" width="73" height="73" frameX="-0" frameY="-0" frameWidth="73" frameHeight="73"/>
	<SubTexture name="BF LEFT NOTE instance 10007" x="5" y="161" width="73" height="73" frameX="-0" frameY="-0" frameWidth="73" frameHeight="73"/>
	<SubTexture name="BF LEFT NOTE instance 10008" x="5" y="161" width="73" height="73" frameX="-0" frameY="-0" frameWidth="73" frameHeight="73"/>
	<SubTexture name="BF LEFT NOTE instance 10009" x="5" y="161" width="73" height="73" frameX="-0" frameY="-0" frameWidth="73" frameHeight="73"/>
	<SubTexture name="BF LEFT NOTE instance 10010" x="5" y="161" width="73" height="73" frameX="-0" frameY="-0" frameWidth="73" frameHeight="73"/>
	<SubTexture name="BF LEFT NOTE instance 10011" x="5" y="161" width="73" height="73" frameX="-0" frameY="-0" frameWidth="73" frameHeight="73"/>
	<SubTexture name="BF LEFT NOTE instance 10012" x="5" y="161" width="73" height="73" frameX="-0" frameY="-0" frameWidth="73" frameHeight="73"/>
	<SubTexture name="BF LEFT NOTE instance 10013" x="5" y="161" width="73" height="73" frameX="-0" frameY="-0" frameWidth="73" frameHeight="73"/>
	<SubTexture name="BF RIGHT MISS instance 10000" x="83" y="161" width="73" height="73" frameX="-0" frameY="-0" frameWidth="73" frameHeight="73"/>
	<SubTexture name="BF RIGHT MISS instance 10001" x="161" y="161" width="73" height="73" frameX="-0" frameY="-0" frameWidth="73" frameHeight="73"/>
	<SubTexture name="BF RIGHT MISS instance 10002" x="161" y="161" width="73" height="73" frameX="-0" frameY="-0" frameWidth="73" frameHeight="73"/>
	<SubTexture name="BF RIGHT MISS instance 10003" x="239" y="161" width="73" height="73" frameX="-0" frameY="-0" frameWidth="73" frameHeight="73"/>
	<SubTexture name="BF RIGHT MISS instance 10004" x="239" y="161" width="73" height="73" frameX="-0" frameY="-0" frameWidth="73" frameHeight="73"/>
	<SubTexture name="BF RIGHT MISS instance 10005" x="239" y="161" width="73" height="73" frameX="-0" frameY="-0" frameWidth="73" frameHeight="73"/>
	<SubTexture name="BF RIGHT MISS instance 10006" x="239" y="161" width="73" height="73" frameX="-0" frameY="-0" frameWidth="73" frameHeight="73"/>
	<SubTexture name="BF RIGHT MISS instance 10007" x="239" y="161" width="73" height="73" frameX="-0" frameY="-0" frameWidth="73" frameHeight="73"/>
	<SubTexture name="BF RIGHT MISS instance 10008" x="239" y="161" width="73" height="73" frameX="-0" frameY="-0" frameWidth="73" frameHeight="73"/>
	<SubTexture name="BF RIGHT MISS instance 10009" x="239" y="161" width="73" height="73" frameX="-0" frameY="-0" frameWidth="73" frameHeight="73"/>
	<SubTexture name="BF RIGHT MISS instance 10010" x="239" y="161" width="73" height="73" frameX="-0" frameY="-0" frameWidth="73" frameHeight="73"/>
	<SubTexture name="BF RIGHT MISS instance 10011" x="239" y="161" width="73" height="73" frameX="-0" frameY="-0" frameWidth="73" frameHeight="73"/>
	<SubTexture name="BF RIGHT MISS instance 10012" x="239" y="161" width="73" height="73" frameX="-0" frameY="-0" frameWidth="73" frameHeight="73"/>
	<SubTexture name="BF RIGHT MISS instance 10013" x="239" y="161" width="73" height="73" frameX="-0" frameY="-0" frameWidth="73" frameHeight="73"/>
	<SubTexture name="BF RIGHT NOTE instance 10000" x="83" y="161" width="73" height="73" frameX="-0" frameY="-0" frameWidth="73" frameHeight="73"/>
	<SubTexture name="BF RIGHT NOTE instance 10001" x="83" y="161" width="73" height="73" frameX="-0" frameY="-0" frameWidth="73" frameHeight="73"/>
	<SubTexture name="BF RIGHT NOTE instance 10002" x="317" y="161" width="73" height="73" frameX="-0" frameY="-0" frameWidth="73" frameHeight="73"/>
	<SubTexture name="BF RIGHT NOTE instance 10003" x="317" y="161" width="73" height="73" frameX="-0" frameY="-0" frameWidth="73" frameHeight="73"/>
	<SubTexture name="BF RIGHT NOTE instance 10004" x="317" y="161" width="73" height="73" frameX="-0" frameY="-0" frameWidth="73" frameHeight="73"/>
	<SubTexture name="BF RIGHT NOTE instance 10005" x="317" y="161" width="73" height="73" frameX="-0" frameY="-0" frameWidth="73" frameHeight="73"/>
	<SubTexture name="BF RIGHT NOTE instance 10006" x="317" y="161" width="73" height="73" frameX="-0" frameY="-0" frameWidth="73" frameHeight="73"/>
	<SubTexture name="BF RIGHT NOTE instance 10007" x="317" y="161" width="73" height="73" frameX="-0" frameY="-0" frameWidth="73" frameHeight="73"/>
	<SubTexture name="BF RIGHT NOTE instance 10008" x="317" y="161" width="73" height="73" frameX="-0" frameY="-0" frameWidth="73" frameHeight="73"/>
	<SubTexture name="BF RIGHT NOTE instance 10009" x="317" y="161" width="73" height="73" frameX="-0" frameY="-0" frameWidth="73" frameHeight="73"/>
	<SubTexture name="BF RIGHT NOTE instance 10010" x="317" y="161" width="73" height="73" frameX="-0" frameY="-0" frameWidth="73" frameHeight="73"/>
	<SubTexture name="BF RIGHT NOTE instance 10011" x="317" y="161" width="73" height="73" frameX="-0" frameY="-0" frameWidth="73" frameHeight="73"/>
	<SubTexture name="BF RIGHT NOTE instance 10012" x="317" y="161" width="73" height="73" frameX="-0" frameY="-0" frameWidth="73" frameHeight="73"/>
	<SubTexture name="BF RIGHT NOTE instance 10013" x="317" y="161" width="73" height="73" frameX="-0" frameY="-0" frameWidth="73" frameHeight="73"/>
	<SubTexture name="BF UP MISS instance 10000" x="395" y="161" width="73" height="73" frameX="-0" frameY="-0" frameWidth="73" frameHeight="73"/>
	<SubTexture name="BF UP MISS instance 10001" x="5" y="239" width="73" height="73" frameX="-0" frameY="-0" frameWidth="73" frameHeight="73"/>
	<SubTexture name="BF UP MISS instance 10002" x="5" y="239" width="73" height="73" frameX="-0" frameY="-0" frameWidth="73" frameHeight="73"/>
	<SubTexture name="BF UP MISS instance 10003" x="83" y="239" width="73" height="73" frameX="-0" frameY="-0" frameWidth="73" frameHeight="73"/>
	<SubTexture name="BF UP MISS instance 10004" x="83" y="239" width="73" height="73" frameX="-0" frameY="-0" frameWidth="73" frameHeight="73"/>
	<SubTexture name="BF UP MISS instance 10005" x="83" y="239" width="73" height="73" frameX="-0" frameY="-0" frameWidth="73" frameHeight="73"/>
	<SubTexture name="BF UP MISS instance 10006" x="83" y="239" width="73" height="73" frameX="-0" frameY="-0" frameWidth="73" frameHeight="73"/>
	<SubTexture name="BF UP MISS instance 10007" x="83" y="239" width="73" height="73" frameX="-0" frameY="-0" frameWidth="73" frameHeight="73"/>
	<SubTexture name="BF UP MISS instance 10008" x="83" y="239" width="73" height="73" frameX="-0" frameY="-0" frameWidth="73" frameHeight="73"/>
	<SubTexture name="BF UP MISS instance 10009" x="83" y="239" width="73" height="73" frameX="-0" frameY="-0" frameWidth="73" frameHeight="73"/>
	<SubTexture name="BF UP MISS instance 10010" x="83" y="239" width="73" height="73" frameX="-0" frameY="-0" frameWidth="73" frameHeight="73"/>
	<SubTexture name="BF UP MISS instance 10011" x="83" y="239" width="73" height="73" frameX="-0" frameY="-0" frameWidth="73" frameHeight="73"/>
	<SubTexture name="BF UP MISS instance 10012" x="83" y="239" width="73" height="73" frameX="-0" frameY="-0" frameWidth="73" frameHeight="73"/>
	<SubTexture name="BF UP MISS instance 10013" x="83" y="239" width="73" height="73" frameX="-0" frameY="-0" frameWidth="73" frameHeight="73"/>
	<SubTexture name="BF UP NOTE instance 10000" x="395" y="161" width="73" height="73" frameX="-0" frameY="-0" frameWidth="73" frameHeight="73"/>
	<SubTexture name="BF UP NOTE instance 10001" x="395" y="161" width="73" height="73" frameX="-0" frameY="-0" frameWidth="73" frameHeight="73"/>
	<SubTexture name="BF UP NOTE instance 10002" x="161" y="239" width="73" height="73" frameX="-0" frameY="-0" frameWidth="73" frameHeight="73"/>
	<SubTexture name="BF UP NOTE instance 10003" x="161" y="239" width="73" height="73" frameX="-0" frameY="-0" frameWidth="73" frameHeight="73"/>
	<SubTexture name="BF UP NOTE instance 10004" x="161" y="239" width="73" height="73" frameX="-0" frameY="-0" frameWidth="73" frameHeight="73"/>
	<SubTexture name="BF UP NOTE instance 10005" x="161" y="239" width="73" height="73" frameX="-0" frameY="-0" frameWidth="73" frameHeight="73"/>
	<SubTexture name="BF UP NOTE instance 10006" x="161" y="239" width="73" height="73" frameX="-0" frameY="-0" frameWidth="73" frameHeight="73"/>
	<SubTexture name="BF UP NOTE instance 10007" x="161" y="239" width="73" height="73" frameX="-0" frameY="-0" frameWidth="73" frameHeight="73"/>
	<SubTexture name="BF UP NOTE instance 10008" x="161" y="239" width="73" height="73" frameX="-0" frameY="-0" frameWidth="73" frameHeight="73"/>
	<SubTexture name="BF UP NOTE instance 10009" x="161" y="239" width="73" height="73" frameX="-0" frameY="-0" frameWidth="73" frameHeight="73"/>
	<SubTexture name="BF UP NOTE instance 10010" x="161" y="239" width="73" height="73" frameX="-0" frameY="-0" frameWidth="73" frameHeight="73"/>
	<SubTexture name="BF UP NOTE instance 10011" x="161" y="239" width="73" height="73" frameX="-0" frameY="-0" frameWidth="73" frameHeight="73"/>
	<SubTexture name="BF UP NOTE instance 10012" x="161" y="239" width="73" height="73" frameX="-0" frameY="-0" frameWidth="73" frameHeight="73"/>
	<SubTexture name="BF UP NOTE instance 10013" x="161" y="239" width="73" height="73" frameX="-0" frameY="-0" frameWidth="73" frameHeight="73"/>
</TextureAtlas>